<?xml version="1.0" encoding="utf-8"?>
<odoo>
    <data noupdate="1">

        <!-- Sequences for hospital.order -->
        <record id="seq_hospital_patient" model="ir.sequence">
            <field name="name">Patient Sequecne</field>
            <field name="code">hospital.patient.sequence</field>
            <field name="prefix">HP</field>
            <field name="padding">3</field>
            <field name="company_id" eval="False"/>
        </record>


        <!-- Sequences for hospital.appointment.order -->
        <record id="seq_hospital_appointment" model="ir.sequence">
                <field name="name">Appointment Sequecne</field>
                <field name="code">hospital.appointment.sequence</field>
                <field name="prefix">PA</field>
                <field name="padding">3</field>
                <field name="company_id" eval="False"/>
            </record>
    </data>
</odoo>
